<?xml version="1.0" encoding="UTF-8"?>
<!-- ====================================================================== -->
<!--                                                                        -->
<!-- Generated by Maven Help Plugin                                         -->
<!-- See: https://maven.apache.org/plugins/maven-help-plugin/               -->
<!--                                                                        -->
<!-- ====================================================================== -->
<!-- ====================================================================== -->
<!--                                                                        -->
<!-- Effective POM for project 'com.example:project-name:jar:1.0.0'         -->
<!--                                                                        -->
<!-- ====================================================================== -->
<project xmlns="http://maven.apache.org/POM/4.0.0" xmlns:xsi="http://www.w3.org/2001/XMLSchema-instance" xsi:schemaLocation="http://maven.apache.org/POM/4.0.0 https://maven.apache.org/xsd/maven-4.0.0.xsd">
  <modelVersion>4.0.0</modelVersion>
  <groupId>com.example</groupId>
  <artifactId>project-name</artifactId>
  <version>1.0.0</version>
  <properties>
    <maven.compiler.source>20</maven.compiler.source>
    <maven.compiler.target>20</maven.compiler.target>
    <project.build.sourceEncoding>UTF-8</project.build.sourceEncoding>
    <project.reporting.outputEncoding>UTF-8</project.reporting.outputEncoding>
  </properties>
  <repositories>
    <repository>
      <snapshots>
        <enabled>false</enabled>
      </snapshots>
      <id>central</id>
      <name>Central Repository</name>
      <url>https://repo.maven.apache.org/maven2</url>
    </repository>
  </repositories>
  <pluginRepositories>
    <pluginRepository>
      <releases>
        <updatePolicy>never</updatePolicy>
      </releases>
      <snapshots>
        <enabled>false</enabled>
      </snapshots>
      <id>central</id>
      <name>Central Repository</name>
      <url>https://repo.maven.apache.org/maven2</url>
    </pluginRepository>
  </pluginRepositories>
  <build>
    <sourceDirectory>d:\Grado superior\año 2\algorismes\Exercici 0\src\main\java</sourceDirectory>
    <scriptSourceDirectory>d:\Grado superior\año 2\algorismes\Exercici 0\src\main\scripts</scriptSourceDirectory>
    <testSourceDirectory>d:\Grado superior\año 2\algorismes\Exercici 0\src\test\java</testSourceDirectory>
    <outputDirectory>d:\Grado superior\año 2\algorismes\Exercici 0\target\classes</outputDirectory>
    <testOutputDirectory>d:\Grado superior\año 2\algorismes\Exercici 0\target\test-classes</testOutputDirectory>
    <resources>
      <resource>
        <directory>d:\Grado superior\año 2\algorismes\Exercici 0\src\main\resources</directory>
      </resource>
    </resources>
    <testResources>
      <testResource>
        <directory>d:\Grado superior\año 2\algorismes\Exercici 0\src\test\resources</directory>
      </testResource>
    </testResources>
    <directory>d:\Grado superior\año 2\algorismes\Exercici 0\target</directory>
    <finalName>project-name-1.0.0</finalName>
    <pluginManagement>
      <plugins>
        <plugin>
          <artifactId>maven-antrun-plugin</artifactId>
          <version>3.1.0</version>
        </plugin>
        <plugin>
          <artifactId>maven-assembly-plugin</artifactId>
          <version>3.6.0</version>
        </plugin>
        <plugin>
          <artifactId>maven-dependency-plugin</artifactId>
          <version>3.6.1</version>
        </plugin>
        <plugin>
          <artifactId>maven-release-plugin</artifactId>
          <version>3.0.1</version>
        </plugin>
      </plugins>
    </pluginManagement>
    <plugins>
      <plugin>
        <artifactId>maven-compiler-plugin</artifactId>
        <version>3.11.0</version>
        <executions>
          <execution>
            <id>default-compile</id>
            <phase>compile</phase>
            <goals>
              <goal>compile</goal>
            </goals>
            <configuration>
              <compilerArgs>
                <arg>--add-opens=java.base/java.lang=ALL-UNNAMED</arg>
                <arg>--add-opens=java.base/java.nio=ALL-UNNAMED</arg>
                <arg>--add-opens=java.base/java.util=ALL-UNNAMED</arg>
              </compilerArgs>
            </configuration>
          </execution>
          <execution>
            <id>default-testCompile</id>
            <phase>test-compile</phase>
            <goals>
              <goal>testCompile</goal>
            </goals>
            <configuration>
              <compilerArgs>
                <arg>--add-opens=java.base/java.lang=ALL-UNNAMED</arg>
                <arg>--add-opens=java.base/java.nio=ALL-UNNAMED</arg>
                <arg>--add-opens=java.base/java.util=ALL-UNNAMED</arg>
              </compilerArgs>
            </configuration>
          </execution>
        </executions>
        <configuration>
          <compilerArgs>
            <arg>--add-opens=java.base/java.lang=ALL-UNNAMED</arg>
            <arg>--add-opens=java.base/java.nio=ALL-UNNAMED</arg>
            <arg>--add-opens=java.base/java.util=ALL-UNNAMED</arg>
          </compilerArgs>
        </configuration>
      </plugin>
      <plugin>
        <artifactId>maven-clean-plugin</artifactId>
        <version>3.2.0</version>
        <executions>
          <execution>
            <id>default-clean</id>
            <phase>clean</phase>
            <goals>
              <goal>clean</goal>
            </goals>
          </execution>
        </executions>
      </plugin>
      <plugin>
        <artifactId>maven-resources-plugin</artifactId>
        <version>3.3.1</version>
        <executions>
          <execution>
            <id>default-testResources</id>
            <phase>process-test-resources</phase>
            <goals>
              <goal>testResources</goal>
            </goals>
          </execution>
          <execution>
            <id>default-resources</id>
            <phase>process-resources</phase>
            <goals>
              <goal>resources</goal>
            </goals>
          </execution>
        </executions>
      </plugin>
      <plugin>
        <artifactId>maven-jar-plugin</artifactId>
        <version>3.3.0</version>
        <executions>
          <execution>
            <id>default-jar</id>
            <phase>package</phase>
            <goals>
              <goal>jar</goal>
            </goals>
          </execution>
        </executions>
      </plugin>
      <plugin>
        <artifactId>maven-surefire-plugin</artifactId>
        <version>3.2.2</version>
        <executions>
          <execution>
            <id>default-test</id>
            <phase>test</phase>
            <goals>
              <goal>test</goal>
            </goals>
          </execution>
        </executions>
      </plugin>
      <plugin>
        <artifactId>maven-install-plugin</artifactId>
        <version>3.1.1</version>
        <executions>
          <execution>
            <id>default-install</id>
            <phase>install</phase>
            <goals>
              <goal>install</goal>
            </goals>
          </execution>
        </executions>
      </plugin>
      <plugin>
        <artifactId>maven-deploy-plugin</artifactId>
        <version>3.1.1</version>
        <executions>
          <execution>
            <id>default-deploy</id>
            <phase>deploy</phase>
            <goals>
              <goal>deploy</goal>
            </goals>
          </execution>
        </executions>
      </plugin>
      <plugin>
        <artifactId>maven-site-plugin</artifactId>
        <version>3.12.1</version>
        <executions>
          <execution>
            <id>default-site</id>
            <phase>site</phase>
            <goals>
              <goal>site</goal>
            </goals>
            <configuration>
              <outputDirectory>d:\Grado superior\año 2\algorismes\Exercici 0\target\site</outputDirectory>
              <reportPlugins>
                <reportPlugin>
                  <groupId>org.apache.maven.plugins</groupId>
                  <artifactId>maven-project-info-reports-plugin</artifactId>
                </reportPlugin>
              </reportPlugins>
            </configuration>
          </execution>
          <execution>
            <id>default-deploy</id>
            <phase>site-deploy</phase>
            <goals>
              <goal>deploy</goal>
            </goals>
            <configuration>
              <outputDirectory>d:\Grado superior\año 2\algorismes\Exercici 0\target\site</outputDirectory>
              <reportPlugins>
                <reportPlugin>
                  <groupId>org.apache.maven.plugins</groupId>
                  <artifactId>maven-project-info-reports-plugin</artifactId>
                </reportPlugin>
              </reportPlugins>
            </configuration>
          </execution>
        </executions>
        <configuration>
          <outputDirectory>d:\Grado superior\año 2\algorismes\Exercici 0\target\site</outputDirectory>
          <reportPlugins>
            <reportPlugin>
              <groupId>org.apache.maven.plugins</groupId>
              <artifactId>maven-project-info-reports-plugin</artifactId>
            </reportPlugin>
          </reportPlugins>
        </configuration>
      </plugin>
    </plugins>
  </build>
  <reporting>
    <outputDirectory>d:\Grado superior\año 2\algorismes\Exercici 0\target\site</outputDirectory>
  </reporting>
  <profiles>
    <profile>
      <id>runMain</id>
      <build>
        <plugins>
          <plugin>
            <groupId>org.codehaus.mojo</groupId>
            <artifactId>exec-maven-plugin</artifactId>
            <version>1.6.0</version>
            <configuration>
              <mainClass>com.project.Main</mainClass>
            </configuration>
          </plugin>
        </plugins>
      </build>
    </profile>
  </profiles>
</project>
